date,vendas_vestuario,inflacao_vestuario,nike_close,nike_volume,lvmh_close,lvmh_volume,inditex_close,inditex_volume,sentiment_score,nike_sentiment,lvmh_sentiment,inditex_sentiment,general_sentiment
2024-12-31,25942.0,130.436,75.67,9425602.0,,,25.51,104870.0,0.0,0.0,0.0,0.0,0.0
2025-01-02,25942.0,130.436,73.67,10883418.0,,,25.7,148184.0,0.0,0.0,0.0,0.0,0.0
2025-01-03,25942.0,130.436,73.31,10083479.0,,,25.68,240647.0,0.0,0.0,0.0,0.0,0.0
2025-01-06,25942.0,130.436,72.0,14947258.0,,,26.24,284034.0,0.0,0.0,0.0,0.0,0.0
2025-01-07,25942.0,130.436,72.09,10463514.0,,,26.12,294321.0,0.0,0.0,0.0,0.0,0.0
2025-01-08,25942.0,130.436,71.29,11854967.0,,,26.13,200408.0,0.0,0.0,0.0,0.0,0.0
2025-01-10,25942.0,130.436,71.2,15677383.0,,,25.64,165957.0,0.0,0.0,0.0,0.0,0.0
2025-01-13,25942.0,130.436,72.08,14584312.0,,,25.08,206223.0,0.0,0.0,0.0,0.0,0.0
2025-01-14,25942.0,130.436,71.17,16732893.0,,,25.36,239721.0,0.0,0.0,0.0,0.0,0.0
2025-01-15,25942.0,130.436,71.07,13468081.0,130.68,309058.0,25.8,131387.0,0.0,0.0,0.0,0.0,0.0
2025-01-16,25942.0,130.436,71.11,13694629.0,144.17,828539.0,25.2,431439.0,0.0,0.0,0.0,0.0,0.0
2025-01-17,25942.0,130.436,70.84,9711265.0,142.08,253041.0,25.44,332038.0,0.0,0.0,0.0,0.0,0.0
2025-01-21,25942.0,130.436,73.17,14199943.0,146.35,526333.0,25.3226,411996.0,0.0,0.0,0.0,0.0,0.0
2025-01-22,25942.0,130.436,74.04,13029273.0,148.05,429406.0,25.21,814736.0,0.0,0.0,0.0,0.0,0.0
2025-01-23,25942.0,130.436,74.29,10677448.0,150.75,263891.0,25.39,219673.0,0.0,0.0,0.0,0.0,0.0
2025-01-24,25942.0,130.436,73.57,8106651.0,154.35,398809.0,25.56,132606.0,0.0,0.0,0.0,0.0,0.0
2025-01-27,25942.0,130.436,75.58,11665384.0,158.75,307804.0,25.56,191167.0,0.0,0.0,0.0,0.0,0.0
2025-01-28,25942.0,130.436,74.39,8694418.0,155.17,915093.0,26.2,155625.0,0.0,0.0,0.0,0.0,0.0
2025-01-29,25942.0,130.436,76.58,11764839.0,149.0603,582002.0,26.66,1017094.0,0.0,0.0,0.0,0.0,0.0
2025-01-30,25942.0,130.436,78.33,10902071.0,149.4,847013.0,27.49,174574.0,0.0,0.0,0.0,0.0,0.0
2025-01-31,25942.0,130.436,76.9,13105920.0,145.66,285699.0,27.21,421017.0,0.0,0.0,0.0,0.0,0.0
2025-02-03,25599.0,131.095,76.59,18539220.0,141.69,344620.0,26.52,676893.0,0.0,0.0,0.0,0.0,0.0
2025-02-04,25599.0,131.095,76.72,11943725.0,144.49,223043.0,27.11,153093.0,0.0,0.0,0.0,0.0,0.0
2025-02-05,25599.0,131.095,74.57,9807401.0,143.05,232266.0,27.09,451187.0,0.0,0.0,0.0,0.0,0.0
2025-02-06,25599.0,131.095,71.74,16059367.0,144.88,204774.0,27.21,499078.0,0.0,0.0,0.0,0.0,0.0
2025-02-07,25599.0,131.095,68.68,27428698.0,140.63,260348.0,27.09,127298.0,0.0,0.0,0.0,0.0,0.0
2025-02-10,25599.0,131.095,70.94,16201329.0,141.62,404384.0,27.42,113220.0,0.0,0.0,0.0,0.0,0.0
2025-02-11,25599.0,131.095,71.34,9636623.0,142.7,184340.0,27.74,106088.0,0.0,0.0,0.0,0.0,0.0
2025-02-12,25599.0,131.095,72.26,10810858.0,144.42,336947.0,28.28,108804.0,0.0,0.0,0.0,0.0,0.0
2025-02-13,25599.0,131.095,73.21,9739567.0,149.0,250306.0,28.294,127031.0,0.0,0.0,0.0,0.0,0.0
2025-02-14,25599.0,131.095,73.04,9254379.0,149.62,237432.0,28.44,138684.0,0.0,0.0,0.0,0.0,0.0
2025-02-18,25599.0,131.095,77.59,28252376.0,147.24,222426.0,28.96,135398.0,0.0,0.0,0.0,0.0,0.0
2025-02-19,25599.0,131.095,76.78,14184097.0,143.65,173803.0,27.91,165093.0,0.0,0.0,0.0,0.0,0.0
2025-02-20,25599.0,131.095,77.23,10689581.0,145.65,150680.0,28.16,196564.0,0.0,0.0,0.0,0.0,0.0
2025-02-21,25599.0,131.095,76.5,12823389.0,145.38,203975.0,27.31,179305.0,0.0,0.0,0.0,0.0,0.0
2025-02-24,25599.0,131.095,80.28,24553494.0,143.7,224904.0,26.95,147832.0,0.0,0.0,0.0,0.0,0.0
2025-02-25,25599.0,131.095,81.72,15522509.0,144.0,671421.0,27.35,178461.0,0.0,0.0,0.0,0.0,0.0
2025-02-26,25599.0,131.095,81.17,16058139.0,145.5,172943.0,27.5,99188.0,0.0,0.0,0.0,0.0,0.0
2025-02-27,25599.0,131.095,80.02,11651915.0,143.16,703164.0,26.65,103686.0,0.0,0.0,0.0,0.0,0.0
2025-02-28,25599.0,131.095,79.43,14113830.0,143.68,759707.0,26.91,140000.0,0.0,0.0,0.0,0.0,0.0
2025-03-03,26029.0,131.388,78.41,8628754.0,143.44,504918.0,26.59,123334.0,0.0,0.0,0.0,0.0,0.0
2025-03-04,26029.0,131.388,77.32,10034126.0,142.99,343745.0,26.95,766655.0,0.0,0.0,0.0,0.0,0.0
2025-03-05,26029.0,131.388,77.81,9853600.0,145.1,281007.0,27.475,140699.0,0.0,0.0,0.0,0.0,0.0
2025-03-06,26029.0,131.388,77.71,9623722.0,139.65,194555.0,26.8,2022833.0,0.0,0.0,0.0,0.0,0.0
2025-03-07,26029.0,131.388,78.59,9294295.0,138.56,374016.0,27.39,191159.0,0.0,0.0,0.0,0.0,0.0
2025-03-10,26029.0,131.388,76.4,15739433.0,135.78,222196.0,26.99,497539.0,0.0,0.0,0.0,0.0,0.0
2025-03-11,26029.0,131.388,74.17,12836967.0,136.84,240490.0,26.56,612877.0,0.0,0.0,0.0,0.0,0.0
2025-03-12,26029.0,131.388,73.58,12304889.0,133.49,351805.0,24.47,249861.0,0.0,0.0,0.0,0.0,0.0
2025-03-13,26029.0,131.388,72.64,10195919.0,129.76,385315.0,24.11,203089.0,0.0,0.0,0.0,0.0,0.0
2025-03-14,26029.0,131.388,71.66,12182970.0,132.17,384924.0,24.43,185439.0,0.0,0.0,0.0,0.0,0.0
2025-03-17,26029.0,131.388,73.7,15996906.0,133.75,396890.0,24.6752,265750.0,0.0,0.0,0.0,0.0,0.0
2025-03-18,26029.0,131.388,73.31,8972330.0,133.66,326410.0,24.76,1436272.0,0.0,0.0,0.0,0.0,0.0
2025-03-19,26029.0,131.388,72.99,10830529.0,133.56,288560.0,25.19,368938.0,0.0,0.0,0.0,0.0,0.0
2025-03-20,26029.0,131.388,71.86,25202340.0,130.51,378534.0,25.496,1343603.0,0.0,0.0,0.0,0.0,0.0
2025-03-21,26029.0,131.388,67.94,77286988.0,129.89,735050.0,25.34,3304577.0,0.0,0.0,0.0,0.0,0.0
2025-03-24,26029.0,131.388,67.39,26552536.0,128.99,395107.0,25.42,2661520.0,0.0,0.0,0.0,0.0,0.0
2025-03-25,26029.0,131.388,66.54,17394137.0,129.12,333411.0,25.1,1001575.0,0.0,0.0,0.0,0.0,0.0
2025-03-26,26029.0,131.388,65.74,18715879.0,126.82,196649.0,25.15,2437160.0,0.0,0.0,0.0,0.0,0.0
2025-03-27,26029.0,131.388,65.8,16435817.0,126.92,295956.0,25.14,772818.0,0.0,0.0,0.0,0.0,0.0
2025-03-28,26029.0,131.388,63.29,19600295.0,126.48,289776.0,25.22,2874230.0,0.0,0.0,0.0,0.0,0.0
2025-03-31,26029.0,131.388,63.48,17400033.0,123.87,321789.0,25.0,3421026.0,0.0,0.0,0.0,0.0,0.0
2025-04-01,26103.0,131.201,64.76,13489490.0,123.82,338294.0,24.99,679103.0,0.0,0.0,0.0,0.0,0.0
2025-04-02,26103.0,131.201,64.96,11161370.0,124.7,183371.0,25.22,497212.0,0.0,0.0,0.0,0.0,0.0
2025-04-03,26103.0,131.201,55.58,71499470.0,120.34,1543733.0,24.97,383839.0,0.0,0.0,0.0,0.0,0.0
2025-04-04,26103.0,131.201,57.25,67775713.0,114.7,661708.0,24.2675,294284.0,0.0,0.0,0.0,0.0,0.0
2025-04-07,26103.0,131.201,55.61,45374363.0,111.17,879881.0,23.33,449281.0,0.0,0.0,0.0,0.0,0.0
2025-04-08,26103.0,131.201,53.27,30404286.0,106.82,1112042.0,23.5,487069.0,0.0,0.0,0.0,0.0,0.0
2025-04-09,26103.0,131.201,59.32,44732546.0,117.82,1239581.0,25.685,588885.0,0.0,0.0,0.0,0.0,0.0
2025-04-10,26103.0,131.201,54.4,53919806.0,118.06,595788.0,25.52,325915.0,0.0,0.0,0.0,0.0,0.0
2025-04-11,26103.0,131.201,54.39,22617097.0,121.25,634591.0,26.31,557980.0,0.0,0.0,0.0,0.0,0.0
2025-04-14,26103.0,131.201,55.41,28346563.0,113.71,652507.0,26.29,227874.0,0.0,0.0,0.0,0.0,0.0
2025-04-15,26103.0,131.201,54.83,15977116.0,108.61,1346121.0,26.52,251617.0,0.0,0.0,0.0,0.0,0.0
2025-04-16,26103.0,131.201,53.55,19094887.0,108.93,720965.0,26.28,314711.0,0.0,0.0,0.0,0.0,0.0
2025-04-17,26103.0,131.201,55.76,18935084.0,109.54,429239.0,26.78,269393.0,0.0,0.0,0.0,0.0,0.0
2025-04-21,26103.0,131.201,56.12,17280931.0,108.22,511638.0,26.63,500208.0,0.0,0.0,0.0,0.0,0.0
2025-04-22,26103.0,131.201,57.06,16852242.0,111.4,552057.0,27.32,181741.0,0.0,0.0,0.0,0.0,0.0
2025-04-23,26103.0,131.201,57.39,21660323.0,111.83,385007.0,27.36,105858.0,0.0,0.0,0.0,0.0,0.0
2025-04-24,26103.0,131.201,58.48,14508545.0,114.26,331600.0,27.51,159453.0,0.0,0.0,0.0,0.0,0.0
2025-04-25,26103.0,131.201,57.62,17156010.0,114.52,746576.0,28.05,94251.0,0.0,0.0,0.0,0.0,0.0
2025-04-28,26103.0,131.201,57.31,13321243.0,114.15,314408.0,28.12,238155.0,0.0,0.0,0.0,0.0,0.0
2025-04-29,26103.0,131.201,57.54,12967953.0,112.0,350618.0,27.42,166173.0,0.0,0.0,0.0,0.0,0.0
2025-04-30,26103.0,131.201,56.4,17205857.0,110.37,306688.0,26.92,154147.0,0.0,0.0,0.0,0.0,0.0
2025-05-01,26156.0,130.782,56.76,10526985.0,110.5,511415.0,26.89,170011.0,0.0,0.0,0.0,0.0,0.0
2025-05-02,26156.0,130.782,58.59,14723858.0,112.47,247622.0,27.24,176192.0,0.0,0.0,0.0,0.0,0.0
2025-05-05,26156.0,130.782,57.35,15971029.0,110.85,474578.0,27.14,137717.0,0.0,0.0,0.0,0.0,0.0
2025-05-06,26156.0,130.782,57.04,11440326.0,110.75,289128.0,26.98,89092.0,0.0,0.0,0.0,0.0,0.0
2025-05-07,26156.0,130.782,58.62,11901142.0,110.17,520476.0,26.2,201077.0,0.0,0.0,0.0,0.0,0.0
2025-05-08,26156.0,130.782,58.91,19008999.0,109.799,452018.0,25.96,178206.0,0.0,0.0,0.0,0.0,0.0
2025-05-09,26156.0,130.782,58.3,13954390.0,112.11,348329.0,26.2,158080.0,0.0,0.0,0.0,0.0,0.0
2025-05-12,26156.0,130.782,62.58,29776643.0,118.11,572783.0,26.45,171557.0,0.0,0.0,0.0,0.0,0.0
2025-05-13,26156.0,130.782,62.39,17003133.0,119.93,357455.0,27.077,209380.0,0.0,0.0,0.0,0.0,0.0
2025-05-14,26156.0,130.782,61.73,13736271.0,116.85,282672.0,26.61,193524.0,0.0,0.0,0.0,0.0,0.0
2025-05-15,26156.0,130.782,62.4,14371124.0,113.32,405128.0,26.9,497348.0,0.0,0.0,0.0,0.0,0.0
2025-05-16,26156.0,130.782,63.11,12950561.0,112.82,693135.0,27.4,124236.0,0.0,0.0,0.0,0.0,0.0
2025-05-19,26156.0,130.782,62.08,15105322.0,112.38,422978.0,27.32,285813.0,0.0,0.0,0.0,0.0,0.0
2025-05-20,26156.0,130.782,62.56,10771754.0,113.75,264373.0,27.34,253128.0,0.0,0.0,0.0,0.0,0.0
2025-05-21,26156.0,130.782,59.98,17354732.0,110.95,371996.0,27.31,113936.0,0.0,0.0,0.0,0.0,0.0
2025-05-22,26156.0,130.782,61.32,16764468.0,109.57,346584.0,27.2,150842.0,0.0,0.0,0.0,0.0,0.0
2025-05-23,26156.0,130.782,60.02,14282391.0,108.78,269608.0,26.6,979729.0,0.0,0.0,0.0,0.0,0.0
2025-05-27,26156.0,130.782,62.83,16642099.0,109.67,793412.0,26.55,254164.0,0.0,0.0,0.0,0.0,0.0
2025-05-28,26156.0,130.782,61.78,10015606.0,109.14,545007.0,26.254,345938.0,0.0,0.0,0.0,0.0,0.0
2025-05-29,26156.0,130.782,61.44,12240869.0,108.95,387854.0,26.825,199300.0,0.0,0.0,0.0,0.0,0.0
2025-05-30,26156.0,130.782,60.59,18155104.0,108.84,341809.0,27.09,217319.0,0.0,0.0,0.0,0.0,0.0
2025-06-02,26529.0,131.214,61.57,14065322.0,109.6,656506.0,27.19,303102.0,0.0,0.0,0.0,0.0,0.0
2025-06-03,26529.0,131.214,62.37,10286134.0,107.94,398788.0,26.79,122644.0,0.0,0.0,0.0,0.0,0.0
2025-06-04,26529.0,131.214,62.77,10242322.0,108.88,442876.0,27.09,1181239.0,0.0,0.0,0.0,0.0,0.0
2025-06-05,26529.0,131.214,62.67,12374936.0,107.162,1404708.0,27.08,367439.0,0.0,0.0,0.0,0.0,0.0
2025-06-06,26529.0,131.214,62.8,13299624.0,107.52,415905.0,27.45,148605.0,0.0,0.0,0.0,0.0,0.0
2025-06-09,26529.0,131.214,61.91,11640024.0,107.12,640262.0,27.64,164476.0,0.0,0.0,0.0,0.0,0.0
2025-06-10,26529.0,131.214,63.87,15286966.0,108.25,1016450.0,28.03,108352.0,0.0,0.0,0.0,0.0,0.0
2025-06-11,26529.0,131.214,63.11,10238704.0,107.52,950724.0,26.96,113969.0,0.0,0.0,0.0,0.0,0.0
2025-06-12,26529.0,131.214,62.8,9830489.0,108.38,457859.0,26.75,191148.0,0.0,0.0,0.0,0.0,0.0
2025-06-13,26529.0,131.214,60.53,16509682.0,106.01,607626.0,26.31,151159.0,0.0,0.0,0.0,0.0,0.0
2025-06-16,26529.0,131.214,61.9,13681576.0,107.5,680210.0,26.43,169008.0,0.0,0.0,0.0,0.0,0.0
2025-06-17,26529.0,131.214,60.0,13649716.0,105.55,498404.0,25.72,153355.0,0.0,0.0,0.0,0.0,0.0
2025-06-18,26529.0,131.214,59.51,14194281.0,106.25,300000.0,25.46,234722.0,0.0,0.0,0.0,0.0,0.0
2025-06-20,26529.0,131.214,59.79,19083966.0,103.15,742436.0,26.89,2025042.0,0.0,0.0,0.0,0.0,0.0
2025-06-23,26529.0,131.214,60.78,15921334.0,104.69,417399.0,25.87,231938.0,0.0,0.0,0.0,0.0,0.0
2025-06-24,26529.0,131.214,61.42,12563997.0,105.8,635352.0,25.84,1120552.0,0.0,0.0,0.0,0.0,0.0
2025-06-25,26529.0,131.214,60.83,12186174.0,103.58,430526.0,12.73,537193.0,0.0,0.0,0.0,0.0,0.0
2025-06-26,26529.0,131.214,62.54,39659773.0,102.31,759199.0,12.61,1024588.0,0.0,0.0,0.0,0.0,0.0
2025-06-27,26529.0,131.214,72.04,117530345.0,105.11,600628.0,12.89,427632.0,0.0,0.0,0.0,0.0,0.0
2025-06-30,26529.0,131.214,71.04,31090390.0,105.06,614614.0,13.05,451655.0,0.0,0.0,0.0,0.0,0.0
2025-07-01,26978.0,131.354,73.41,27512934.0,111.08,350688.0,13.09,400362.0,0.0,0.0,0.0,0.0,0.0
2025-07-02,26978.0,131.354,76.39,36882339.0,115.42,838753.0,12.95,221688.0,0.0,0.0,0.0,0.0,0.0
2025-07-03,26978.0,131.354,76.39,12022568.0,114.06,234055.0,13.06,188214.0,0.0,0.0,0.0,0.0,0.0
2025-07-07,26978.0,131.354,76.53,17296891.0,111.17,650585.0,12.87,319738.0,0.0,0.0,0.0,0.0,0.0
2025-07-08,26978.0,131.354,73.92,19572430.0,113.97,473446.0,12.69,258106.0,0.0,0.0,0.0,0.0,0.0
2025-07-09,26978.0,131.354,73.56,12076693.0,115.11,232438.0,12.83,496618.0,0.0,0.0,0.0,0.0,0.0
2025-07-10,26978.0,131.354,74.62,13036468.0,117.96,333370.0,12.85,376485.0,0.0,0.0,0.0,0.0,0.0
2025-07-11,26978.0,131.354,72.63,12771419.0,114.11,292766.0,12.76,631570.0,0.0,0.0,0.0,0.0,0.0
2025-07-14,26978.0,131.354,72.25,11385359.0,112.13,323953.0,12.5,728174.0,0.0,0.0,0.0,0.0,0.0
2025-07-15,26978.0,131.354,71.99,9708349.0,110.83,890371.0,12.16,516255.0,0.0,0.0,0.0,0.0,0.0
2025-07-16,26978.0,131.354,72.1,9008574.0,111.34,312236.0,12.19,1107675.0,0.0,0.0,0.0,0.0,0.0
2025-07-17,26978.0,131.354,72.98,9180372.0,110.77,541288.0,12.24,1139953.0,0.0,0.0,0.0,0.0,0.0
2025-07-18,26978.0,131.354,72.47,8801019.0,109.72,489179.0,12.13,616274.0,0.0,0.0,0.0,0.0,0.0
2025-07-21,26978.0,131.354,74.02,12743932.0,108.95,340164.0,12.2,600434.0,0.0,0.0,0.0,0.0,0.0
2025-07-22,26978.0,131.354,75.39,11297526.0,109.81,299586.0,12.33,312058.0,0.0,0.0,0.0,0.0,0.0
2025-07-23,26978.0,131.354,76.75,16428064.0,114.24,463728.0,12.73,414143.0,0.0,0.0,0.0,0.0,0.0
2025-07-24,26978.0,131.354,75.42,10037823.0,110.0,824072.0,12.59,349021.0,0.0,0.0,0.0,0.0,0.0
2025-07-25,26978.0,131.354,76.27,7208387.0,115.93,636308.0,12.72,254904.0,0.0,0.0,0.0,0.0,0.0
2025-07-28,26978.0,131.354,79.24,22631087.0,113.82,491628.0,12.47,444472.0,0.0,0.0,0.0,0.0,0.0
2025-07-29,26978.0,131.354,78.33,12885505.0,110.4,518289.0,12.44,493995.0,0.0,0.0,0.0,0.0,0.0
2025-07-30,26978.0,131.354,76.68,14601692.0,109.62,499124.0,12.17,455040.0,0.0,0.0,0.0,0.0,0.0
2025-07-31,26978.0,131.354,74.69,16700030.0,107.62,345029.0,11.91,487856.0,0.0,0.0,0.0,0.0,0.0
2025-08-01,27140.0,131.694,74.62,11911586.0,106.54,709829.0,11.9,452355.0,0.0,0.0,0.0,0.0,0.0
2025-08-04,27140.0,131.694,74.82,8839008.0,106.76,227179.0,11.93,462019.0,0.0,0.0,0.0,0.0,0.0
2025-08-05,27140.0,131.694,74.38,6533788.0,105.8,243186.0,11.92,388897.0,0.0,0.0,0.0,0.0,0.0
2025-08-06,27140.0,131.694,75.48,7579794.0,106.715,175707.0,12.0325,322464.0,0.0,0.0,0.0,0.0,0.0
2025-08-07,27140.0,131.694,74.35,8717603.0,107.3,399781.0,12.32,2307081.0,0.0,0.0,0.0,0.0,0.0
2025-08-08,27140.0,131.694,74.19,6738987.0,107.77,180577.0,12.46,1142698.0,0.0,0.0,0.0,0.0,0.0
2025-08-11,27140.0,131.694,74.02,6985681.0,106.28,229565.0,12.27,408166.0,0.0,0.0,0.0,0.0,0.0
2025-08-12,27140.0,131.694,74.9,6399721.0,107.11,272298.0,12.29,669145.0,0.0,0.0,0.0,0.0,0.0
2025-08-13,27140.0,131.694,77.2,13472551.0,110.26,166766.0,12.47,534984.0,0.0,0.0,0.0,0.0,0.0
2025-08-14,27140.0,131.694,76.39,7990497.0,110.58,248001.0,12.59,337378.0,0.0,0.0,0.0,0.0,0.0
2025-08-15,27140.0,131.694,76.97,9767746.0,111.99,341906.0,12.72,290356.0,0.0,0.0,0.0,0.0,0.0
2025-08-18,27140.0,131.694,77.43,9069079.0,111.45,295356.0,12.71,640413.0,0.0,0.0,0.0,0.0,0.0
2025-08-19,27140.0,131.694,76.88,7684807.0,114.04,385072.0,12.74,372244.0,0.0,0.0,0.0,0.0,0.0
2025-08-20,27140.0,131.694,76.26,6282604.0,114.93,256265.0,12.77,256877.0,0.0,0.0,0.0,0.0,0.0
2025-08-21,27140.0,131.694,76.18,6354912.0,112.46,139903.0,12.61,404219.0,0.0,0.0,0.0,0.0,0.0
2025-08-22,27140.0,131.694,78.38,10985948.0,116.13,375623.0,12.88,706609.0,0.0,0.0,0.0,0.0,0.0
2025-08-25,27140.0,131.694,79.17,12488938.0,112.97,220066.0,12.65,460404.0,0.0,0.0,0.0,0.0,0.0
2025-08-26,27140.0,131.694,78.65,6874765.0,113.59,149147.0,12.68,370315.0,0.0,0.0,0.0,0.0,0.0
2025-08-27,27140.0,131.694,78.06,12636742.0,116.792,183149.0,12.681,290132.0,0.0,0.0,0.0,0.0,0.0
2025-08-28,27140.0,131.694,77.92,7478609.0,120.25,448636.0,12.67,273061.0,0.0,0.0,0.0,0.0,0.0
2025-08-29,27140.0,131.694,77.37,14208813.0,118.07,377510.0,12.39,246493.0,0.0,0.0,0.0,0.0,0.0
2025-09-02,26921.0,132.411,74.29,15078709.0,120.6893,763126.0,12.11,529691.0,0.0,0.0,0.0,0.0,0.0
2025-09-03,26921.0,132.411,74.74,7441170.0,121.7,246576.0,12.32,495224.0,0.0,0.0,0.0,0.0,0.0
2025-09-04,26921.0,132.411,75.35,11096158.0,116.58,443660.0,12.43,409505.0,0.0,0.0,0.0,0.0,0.0
2025-09-05,26921.0,132.411,73.91,13758377.0,116.13,135985.0,12.38,406860.0,0.0,0.0,0.0,0.0,0.0
2025-09-08,26921.0,132.411,74.15,13793260.0,116.83,419841.0,12.58,670141.0,0.0,0.0,0.0,0.0,0.0
2025-09-09,26921.0,132.411,73.6,8740157.0,115.4545,314592.0,12.51,425758.0,0.0,0.0,0.0,0.0,0.0
2025-09-10,26921.0,132.411,74.25,11359274.0,114.24,289690.0,13.4,5576120.0,0.0,0.0,0.0,0.0,0.0
2025-09-11,26921.0,132.411,74.33,9803422.0,114.77,217435.0,13.73,6276066.0,0.0,0.0,0.0,0.0,0.0
2025-09-12,26921.0,132.411,73.0,11806044.0,115.21,190257.0,13.62,1189378.0,0.0,0.0,0.0,0.0,0.0
2025-09-15,26921.0,132.411,73.03,10323751.0,118.82,242411.0,13.62,1034698.0,0.0,0.0,0.0,0.0,0.0
2025-09-16,26921.0,132.411,72.75,8813556.0,120.54,252307.0,13.6,463317.0,0.0,0.0,0.0,0.0,0.0
2025-09-17,26921.0,132.411,72.31,11108702.0,120.62,149715.0,13.6,283011.0,0.0,0.0,0.0,0.0,0.0
2025-09-18,26921.0,132.411,72.1,14918371.0,122.1,157088.0,13.61,342088.0,0.0,0.0,0.0,0.0,0.0
2025-09-19,26921.0,132.411,70.89,33415575.0,120.24,152118.0,13.42,1776154.0,0.0,0.0,0.0,0.0,0.0
2025-09-22,26921.0,132.411,71.28,12336264.0,120.529,592295.0,13.22,747302.0,0.0,0.0,0.0,0.0,0.0
2025-09-23,26921.0,132.411,70.93,10432417.0,123.14,307899.0,13.23,379104.0,0.0,0.0,0.0,0.0,0.0
2025-09-24,26921.0,132.411,71.22,10024485.0,119.68,262518.0,12.98,260877.0,0.0,0.0,0.0,0.0,0.0
2025-09-25,26921.0,132.411,69.24,13075284.0,118.5,278659.0,12.94,445554.0,0.0,0.0,0.0,0.0,0.0
2025-09-26,26921.0,132.411,69.31,15627552.0,120.77,224469.0,13.22,669336.0,0.0,0.0,0.0,0.0,0.0
2025-09-29,26921.0,132.411,69.55,18479281.0,122.99,303495.0,13.37,621531.0,0.0,0.0,0.0,0.0,0.0
2025-09-30,26921.0,132.411,69.73,40567682.0,122.31,240081.0,13.81,600135.0,0.0,0.0,0.0,0.0,0.0
2025-10-01,27298.0,132.411,74.2,57921886.0,123.49,177202.0,14.1,1097799.0,0.0,0.0,0.0,0.0,0.0
2025-10-02,27298.0,132.411,74.57,26254376.0,127.333,137881.0,14.06,893049.0,0.0,0.0,0.0,0.0,0.0
2025-10-03,27298.0,132.411,71.93,18794866.0,129.77,147711.0,14.22,987769.0,0.0,0.0,0.0,0.0,0.0
2025-10-06,27298.0,132.411,71.17,14039587.0,129.86,267848.0,14.16,982158.0,0.0,0.0,0.0,0.0,0.0
2025-10-07,27298.0,132.411,68.91,17367985.0,129.87,294780.0,14.21,1133914.0,0.0,0.0,0.0,0.0,0.0
2025-10-08,27298.0,132.411,69.09,13051753.0,133.42,201607.0,13.97,649977.0,0.0,0.0,0.0,0.0,0.0
2025-10-09,27298.0,132.411,68.06,13410879.0,128.35,519593.0,13.66,397420.0,0.0,0.0,0.0,0.0,0.0
2025-10-10,27298.0,132.411,65.22,18806071.0,125.5,371339.0,13.58,253592.0,0.0,0.0,0.0,0.0,0.0
2025-10-13,27298.0,132.411,67.38,13191246.0,125.01,161023.0,13.73,329624.0,0.0,0.0,0.0,0.0,0.0
2025-10-14,27298.0,132.411,67.64,9483677.0,136.04,490185.0,13.79,392187.0,0.0,0.0,0.0,0.0,0.0
2025-10-15,27298.0,132.411,68.46,13001479.0,139.0,331129.0,13.89,465232.0,0.0,0.0,0.0,0.0,0.0
2025-10-16,27298.0,132.411,66.84,15349738.0,139.72,313201.0,14.05,516367.0,0.0,0.0,0.0,0.0,0.0
2025-10-17,27298.0,132.411,67.37,10054043.0,141.996,300189.0,14.14,436513.0,0.0,0.0,0.0,0.0,0.0
2025-10-20,27298.0,132.411,67.62,9669999.0,142.32,256280.0,14.21,198634.0,0.0,0.0,0.0,0.0,0.0
2025-10-21,27298.0,132.411,68.36,9659203.0,142.4,161261.0,14.2,270132.0,0.0,0.0,0.0,0.0,0.0
2025-10-22,27298.0,132.411,69.08,8096127.0,144.36,215001.0,14.11,642620.0,0.0,0.0,0.0,0.0,0.0
2025-10-23,27298.0,132.411,69.68,9124913.0,144.41,138399.0,14.235,377699.0,0.0,0.0,0.0,0.0,0.0
2025-10-24,27298.0,132.411,69.11,7102911.0,142.06,128218.0,14.43,204014.0,0.0,0.0,0.0,0.0,0.0
2025-10-27,27298.0,132.411,68.59,9838115.0,141.98,165522.0,14.59,258378.0,0.0,0.0,0.0,0.0,0.0
2025-10-28,27298.0,132.411,67.43,11262395.0,142.98,438891.0,14.34,294477.0,0.0,0.0,0.0,0.0,0.0
2025-10-29,27298.0,132.411,65.35,15143126.0,143.88,316656.0,14.31,323036.0,0.0,0.0,0.0,0.0,0.0
2025-10-30,27298.0,132.411,64.9,13895231.0,140.88,402828.0,14.12,273286.0,0.0,0.0,0.0,0.0,0.0
2025-10-31,27298.0,132.411,64.59,17822510.0,141.41,223006.0,13.8,233493.0,0.0,0.0,0.0,0.0,0.0
2025-11-03,27393.0,131.883,62.65,22633317.0,142.41,495721.0,13.69,456867.0,0.0,0.0,0.0,0.0,0.0
2025-11-04,27393.0,131.883,61.23,13725428.0,139.06,230108.0,13.53,317967.0,0.0,0.0,0.0,0.0,0.0
2025-11-05,27393.0,131.883,62.11,20874903.0,140.91,163629.0,13.76,432218.0,0.0,0.0,0.0,0.0,0.0
2025-11-06,27393.0,131.883,61.89,15164633.0,138.57,193687.0,13.8,368985.0,0.0,0.0,0.0,0.0,0.0
2025-11-07,27393.0,131.883,61.09,15504763.0,140.8,154595.0,13.81,452954.0,0.0,0.0,0.0,0.0,0.0
2025-11-10,27393.0,131.883,60.8,13063059.0,143.95,153483.0,14.04,293845.0,0.0,0.0,0.0,0.0,0.0
2025-11-11,27393.0,131.883,63.15,17646388.0,147.02,227362.0,14.43,280166.0,0.0,0.0,0.0,0.0,0.0
2025-11-12,27393.0,131.883,64.2,14812195.0,150.14,487752.0,14.42,269499.0,0.0,0.0,0.0,0.0,0.0
2025-11-13,27393.0,131.883,66.03,21923604.0,147.15,230263.0,14.17,296791.0,0.0,0.0,0.0,0.0,0.0
2025-11-14,27393.0,131.883,64.17,17760099.0,147.99,246749.0,14.11,1578137.0,0.0,0.0,0.0,0.0,0.0
2025-11-17,27393.0,131.883,62.9,17064691.0,143.45,256984.0,13.59,339403.0,0.0,0.0,0.0,0.0,0.0
2025-11-18,27393.0,131.883,62.49,14614639.0,141.64,263137.0,13.51,458125.0,0.0,0.0,0.0,0.0,0.0
2025-11-19,27393.0,131.883,62.64,11732125.0,140.84,339716.0,13.66,450566.0,0.0,0.0,0.0,0.0,0.0
2025-11-20,27393.0,131.883,61.43,13886596.0,140.78,258711.0,13.49,461329.0,0.0,0.0,0.0,0.0,0.0
2025-11-21,27393.0,131.883,62.8,12476917.0,144.15,180337.0,13.51,511030.0,0.0,0.0,0.0,0.0,0.0
2025-11-24,27393.0,131.883,61.93,16681656.0,142.84,190215.0,13.48,498010.0,0.0,0.0,0.0,0.0,0.0
2025-11-25,27393.0,131.883,63.68,11527157.0,143.31,171944.0,13.78,626587.0,0.0,0.0,0.0,0.0,0.0
2025-11-26,27393.0,131.883,64.33,13790955.0,144.85,156186.0,13.96,352892.0,0.0,0.0,0.0,0.0,0.0
2025-11-28,27393.0,131.883,64.63,4941353.0,148.26,252974.0,14.05,195779.0,0.0,0.0,0.0,0.0,0.0
2025-12-01,27176.0,132.317,65.39,12047278.0,148.45,205664.0,14.31,472864.0,0.0,0.0,0.0,0.0,0.0
2025-12-02,27176.0,132.317,64.93,9051181.0,147.99,232711.0,14.18,422692.0,0.0,0.0,0.0,0.0,0.0
2025-12-03,27176.0,132.317,65.65,12028291.0,147.6,127519.0,15.64,873062.0,0.0,0.0,0.0,0.0,0.0
2025-12-04,27176.0,132.317,65.69,10619498.0,147.49,110370.0,15.96,571083.0,0.0,0.0,0.0,0.0,0.0
2025-12-05,27176.0,132.317,65.86,10917935.0,146.11,108712.0,15.98,346274.0,0.0,0.0,0.0,0.0,0.0
2025-12-08,27176.0,132.317,63.54,12670035.0,145.04,190295.0,15.63,683902.0,0.0,0.0,0.0,0.0,0.0
2025-12-09,27176.0,132.317,63.33,9167476.0,142.9,194406.0,15.74,232707.0,0.0,0.0,0.0,0.0,0.0
2025-12-10,27176.0,132.317,65.79,20302074.0,146.33,148707.0,16.03,252861.0,0.0,0.0,0.0,0.0,0.0
2025-12-11,27176.0,132.317,67.74,16153544.0,147.18,201978.0,16.15,378927.0,0.0,0.0,0.0,0.0,0.0
2025-12-12,27176.0,132.317,67.47,14829228.0,147.02,126141.0,16.4,738342.0,0.0,0.0,0.0,0.0,0.0
2025-12-15,27176.0,132.317,67.78,15287494.0,147.35,125891.0,16.06,334454.0,0.0,0.0,0.0,0.0,0.0
2025-12-16,27176.0,132.317,67.12,16376671.0,149.34,132160.0,16.08,276751.0,0.0,0.0,0.0,0.0,0.0
2025-12-17,27176.0,132.317,65.69,13205492.0,147.77,181317.0,16.01,350879.0,0.0,0.0,0.0,0.0,0.0
2025-12-18,27176.0,132.317,65.63,35650016.0,148.49,185344.0,16.41,639136.0,0.0,0.0,0.0,0.0,0.0
2025-12-19,27176.0,132.317,58.71,108652694.0,147.53,280759.0,16.29,370895.0,0.0,0.0,0.0,0.0,0.0
2025-12-22,27176.0,132.317,57.22,38695933.0,147.81,184107.0,16.52,369274.0,0.0,0.0,0.0,0.0,0.0
2025-12-23,27176.0,132.317,57.34,23276740.0,148.02,128594.0,16.52,480740.0,0.0,0.0,0.0,0.0,0.0
2025-12-24,27176.0,132.317,60.0,36073251.0,149.35,73671.0,16.55,239406.0,0.0,0.0,0.0,0.0,0.0
2025-12-26,27176.0,132.317,60.93,22303556.0,149.55,75903.0,16.55,197724.0,0.0,0.0,0.0,0.0,0.0
2025-12-29,27176.0,132.317,61.21,18062104.0,149.1,120180.0,16.53,264965.0,0.0,0.0,0.0,0.0,0.0
2025-12-30,27176.0,132.317,61.19,13507849.0,150.01,103576.0,16.63,248374.0,0.0,0.0,0.0,0.0,0.0
2025-12-31,27176.0,132.317,63.71,35457432.0,150.81,68832.0,16.5,178339.0,0.0,0.0,0.0,0.0,0.0
2026-01-02,27080.0,132.723,63.28,22284069.0,150.84,139621.0,16.55,498810.0,0.0,0.0,0.0,0.0,0.0
2026-01-05,27080.0,132.723,64.53,23482539.0,150.64,135652.0,16.5,241643.0,0.0,0.0,0.0,0.0,0.0
2026-01-06,27080.0,132.723,65.35,19973192.0,151.07,147208.0,16.665,376335.0,0.0,0.0,0.0,0.0,0.0
2026-01-07,27080.0,132.723,63.22,18284106.0,147.07,152936.0,16.76,561082.0,0.0,0.0,0.0,0.0,0.0
2026-01-08,27080.0,132.723,65.26,21573898.0,148.5,187550.0,16.49,1203924.0,0.0,0.0,0.0,0.0,0.0
2026-01-09,27080.0,132.723,65.92,18470385.0,152.07,146426.0,16.4,2130248.0,0.0,0.0,0.0,0.0,0.0
2026-01-12,27080.0,132.723,65.64,13901080.0,151.96,298142.0,16.67,557558.0,0.0,0.0,0.0,0.0,0.0
2026-01-13,27080.0,132.723,66.3,13685222.0,150.23,272482.0,16.61,855634.0,0.0,0.0,0.0,0.0,0.0
2026-01-14,27080.0,132.723,65.57,15939097.0,148.33,263801.0,16.35,423562.0,0.0,0.0,0.0,0.0,0.0
2026-01-15,27080.0,132.723,64.59,13295272.0,144.47,201881.0,16.08,501225.0,0.0,0.0,0.0,0.0,0.0
2026-01-16,27080.0,132.723,64.38,15902994.0,141.38,183813.0,16.15,484262.0,0.0,0.0,0.0,0.0,0.0
2026-01-20,27080.0,132.723,63.63,20229415.0,132.95,269374.0,16.11,447706.0,0.0,0.0,0.0,0.0,0.0
2026-01-21,27080.0,132.723,65.41,17166435.0,138.35,820046.0,16.31,446757.0,0.0,0.0,0.0,0.0,0.0
2026-01-22,27080.0,132.723,65.46,11853715.0,139.62,200354.0,16.18,396608.0,0.0,0.0,0.0,0.0,0.0
2026-01-23,27080.0,132.723,65.04,11243941.0,139.77,139232.0,16.17,315851.0,0.0,0.0,0.0,0.0,0.0
2026-01-26,27080.0,132.723,64.99,14765926.0,139.495,185945.0,16.14,241679.0,0.0,0.0,0.0,0.0,0.0
2026-01-27,27080.0,132.723,63.09,13470414.0,137.25,561780.0,16.34,225799.0,0.0,0.0,0.0,0.0,0.0
2026-01-28,27080.0,132.723,62.24,10363629.0,129.41,548622.0,16.13,393449.0,0.0,0.0,0.0,0.0,0.0
2026-01-29,27080.0,132.723,62.6,12739412.0,130.6,539077.0,16.21,323667.0,0.0,0.0,0.0,0.0,0.0
2026-01-30,27080.0,132.723,61.81,14309230.0,129.28,274397.0,16.24,630093.0,0.0,0.0,0.0,0.0,0.0
2026-02-02,27797.0,134.419,62.18,11006256.0,127.51,435504.0,16.38,309693.0,0.0,0.0,0.0,0.0,0.0
2026-02-03,27797.0,134.419,60.93,16510393.0,124.77,433316.0,16.12,324960.0,0.0,0.0,0.0,0.0,0.0
2026-02-04,27797.0,134.419,64.22,20957681.0,126.5,323317.0,17.0,2620644.0,0.0,0.0,0.0,0.0,0.0
2026-02-05,27797.0,134.419,62.7,12506222.0,126.2,300600.0,16.67,1325275.0,0.0,0.0,0.0,0.0,0.0
2026-02-06,27797.0,134.419,63.92,11961509.0,126.71,195149.0,16.9375,502033.0,0.0,0.0,0.0,0.0,0.0
2026-02-09,27797.0,134.419,62.41,12920803.0,127.44,238813.0,17.14,999010.0,0.0,0.0,0.0,0.0,0.0
2026-02-10,27797.0,134.419,63.04,13003437.0,127.51,225046.0,16.92,366128.0,0.0,0.0,0.0,0.0,0.0
2026-02-11,27797.0,134.419,62.35,15511935.0,125.07,512380.0,16.96,266494.0,0.0,0.0,0.0,0.0,0.0
2026-02-12,27797.0,134.419,61.1,13602427.0,123.64,470652.0,16.97,601189.0,0.0,0.0,0.0,0.0,0.0
2026-02-13,27797.0,134.419,63.13,20180904.0,122.3,340011.0,16.9,412326.0,0.0,0.0,0.0,0.0,0.0
2026-02-17,27797.0,134.419,64.82,12347499.0,125.15,304684.0,16.88,463616.0,0.0,0.0,0.0,0.0,0.0
2026-02-18,27797.0,134.419,65.55,11211459.0,125.32,439899.0,16.94,373459.0,0.0,0.0,0.0,0.0,0.0
2026-02-19,27797.0,134.419,65.61,10778302.0,125.35,298786.0,16.98,317418.0,0.0,0.0,0.0,0.0,0.0
2026-02-20,27797.0,134.419,65.4,33436805.0,130.98,335613.0,17.0,417953.0,0.0,0.0,0.0,0.0,0.0
2026-02-23,27797.0,134.419,63.09,17748811.0,131.26,577660.0,16.91,629245.0,0.0,0.0,0.0,0.0,0.0
2026-02-24,27797.0,134.419,64.09,14296084.0,133.11,266920.0,16.94,510065.0,0.0,0.0,0.0,0.0,0.0
2026-02-25,27797.0,134.419,63.4,9500809.0,130.58,167600.0,16.78,322861.0,0.0,0.0,0.0,0.0,0.0
2026-02-26,27797.0,134.419,63.95,10319130.0,130.16,290840.0,16.95,334928.0,0.0,0.0,0.0,0.0,0.0
2026-02-27,27797.0,134.419,62.18,18017400.0,127.7,200399.0,16.72,365854.0,0.0,0.0,0.0,0.0,0.0
2026-03-02,27943.0,135.804,61.01,15335009.0,121.46,608938.0,15.8,371264.0,0.0,0.0,0.0,0.0,0.0
2026-03-03,27943.0,135.804,59.39,17438644.0,118.05,323342.0,15.13,754966.0,0.0,0.0,0.0,0.0,0.0
2026-03-04,27943.0,135.804,58.64,15971331.0,118.72,301870.0,15.49,562230.0,0.0,0.0,0.0,0.0,0.0
2026-03-05,27943.0,135.804,58.02,22040179.0,117.3,347633.0,15.34,588773.0,0.0,0.0,0.0,0.0,0.0
2026-03-06,27943.0,135.804,57.01,16323702.0,116.74,193589.0,15.047,417397.0,0.0,0.0,0.0,0.0,0.0
2026-03-09,27943.0,135.804,56.53,18053116.0,117.14,476665.0,14.79,1224954.0,0.0,0.0,0.0,0.0,0.0
2026-03-10,27943.0,135.804,56.08,15706352.0,116.16,344768.0,14.93,1093703.0,0.0,0.0,0.0,0.0,0.0
2026-03-11,27943.0,135.804,55.7,20245301.0,115.88,292801.0,15.21,697921.0,0.0,0.0,0.0,0.0,0.0
2026-03-12,27943.0,135.804,54.13,18611826.0,113.5,534981.0,14.95,2125564.0,0.0,0.0,0.0,0.0,0.0
2026-03-13,27943.0,135.804,53.98,14377102.0,107.97,484200.0,14.61,2288101.0,0.0,0.0,0.0,0.0,0.0
2026-03-16,27943.0,135.804,54.79,13115195.0,110.39,348766.0,14.82,1192877.0,0.0,0.0,0.0,0.0,0.0
2026-03-17,27943.0,135.804,55.12,9861420.0,108.69,259418.0,14.96,2984972.0,0.0,0.0,0.0,0.0,0.0
2026-03-18,27943.0,135.804,53.47,16861347.0,106.75,347607.0,14.7,1197949.0,0.0,0.0,0.0,0.0,0.0
2026-03-19,27943.0,135.804,53.44,12307679.0,106.9,349339.0,14.69,790697.0,0.0,0.0,0.0,0.0,0.0
2026-03-20,27943.0,135.804,52.37,19566100.0,105.17,445155.0,14.42,438449.0,0.0,0.0,0.0,0.0,0.0
2026-03-23,27943.0,135.804,52.71,15242693.0,108.95,569846.0,14.5,3664791.0,0.0,0.0,0.0,0.0,0.0
2026-03-24,27943.0,135.804,53.49,12073811.0,106.14,599907.0,14.35,870893.0,0.0,0.0,0.0,0.0,0.0
2026-03-25,27943.0,135.804,52.98,13427125.0,106.41,275693.0,14.5,579011.0,0.0,0.0,0.0,0.0,0.0
2026-03-26,27943.0,135.804,52.07,14486700.0,104.8,380322.0,14.35,1349246.0,0.0,0.0,0.0,0.0,0.0
2026-03-27,27943.0,135.804,51.37,13077815.0,104.22,361054.0,14.05,2369289.0,0.0,0.0,0.0,0.0,0.0
2026-03-30,27943.0,135.804,51.24,16869214.0,105.44,316554.0,14.01,1493246.0,0.0,0.0,0.0,0.0,0.0
2026-03-31,27943.0,135.804,52.82,36422802.0,109.24,330587.0,14.39,837446.0,0.0,0.0,0.0,0.0,0.0
2026-04-01,27534.0,136.67,44.63,114225664.0,109.13,302026.0,14.81,420827.0,0.0,0.0,0.0,0.0,0.0
2026-04-02,27534.0,136.67,44.19,63242572.0,108.78,320693.0,14.56,563254.0,0.0,0.0,0.0,0.0,0.0
2026-04-06,27534.0,136.67,44.03,26999578.0,110.1,315679.0,14.63,521867.0,0.0,0.0,0.0,0.0,0.0
2026-04-07,27534.0,136.67,42.69,38252977.0,109.78,458686.0,14.66,551813.0,0.0,0.0,0.0,0.0,0.0
2026-04-08,27534.0,136.67,43.13,29462854.0,116.4,412496.0,15.44,394914.0,0.0,0.0,0.0,0.0,0.0
2026-04-09,27534.0,136.67,44.0,24147437.0,114.68,359745.0,15.61,321967.0,0.0,0.0,0.0,0.0,0.0
2026-04-10,27534.0,136.67,42.62,26094792.0,113.06,343122.0,15.74,331790.0,0.0,0.0,0.0,0.0,0.0
2026-04-13,27534.0,136.67,42.91,21236741.0,109.54,651684.0,15.58,551717.0,0.0,0.0,0.0,0.0,0.0
2026-04-14,27534.0,136.67,44.2,22554057.0,113.155,323616.0,15.58,298352.0,0.0,0.0,0.0,0.0,0.0
2026-04-15,27534.0,136.67,45.44,31523472.0,114.19,487044.0,15.43,607607.0,0.0,0.0,0.0,0.0,0.0
2026-04-16,27534.0,136.67,45.7,21766281.0,113.79,514560.0,15.58,508797.0,0.0,0.0,0.0,0.0,0.0
2026-04-17,27534.0,136.67,46.03,31290385.0,116.28,342478.0,16.12,745041.0,0.0,0.0,0.0,0.0,0.0
2026-04-20,27534.0,136.67,46.48,19003098.0,115.58,348854.0,16.01,463211.0,0.0,0.0,0.0,0.0,0.0
2026-04-21,27534.0,136.67,46.39,22193978.0,113.21,174850.0,15.61,322374.0,0.0,0.0,0.0,0.0,0.0
2026-04-22,27534.0,136.67,45.68,17985186.0,111.52,216261.0,15.48,232305.0,0.0,0.0,0.0,0.0,0.0
2026-04-23,27534.0,136.67,44.78,17457508.0,110.44,330072.0,15.45,320601.0,0.0,0.0,0.0,0.0,0.0
2026-04-24,27534.0,136.67,44.69,15884984.0,111.52,285079.0,15.38,321536.0,0.1818181818181818,0.0,0.3333333333333333,0.0,0.125
2026-04-27,27534.0,136.67,45.14,14583147.0,108.7,510244.0,15.388,1414156.0,-0.2,0.0,0.0,0.0,-0.2
2026-04-28,27534.0,136.67,45.03,12425958.0,105.75,565184.0,15.18,264905.0,0.0,0.0,0.0,0.0,0.0
2026-04-29,27534.0,136.67,44.39,13329694.0,104.31,378517.0,15.07,254999.0,0.0,0.0,0.0,0.0,0.0
2026-04-30,27534.0,136.67,44.36,21679491.0,106.11,375249.0,14.93,264541.0,0.0,0.0,0.0,0.0,0.0
2026-05-01,27534.0,136.67,44.4,11562775.0,105.46,303604.0,14.89,243426.0,0.375,0.45,0.05,-0.0999999999999999,0.4
2026-05-04,27534.0,136.67,43.09,33272379.0,103.8,425478.0,14.23,1042952.0,0.1699999999999999,-0.2,0.05,-0.0999999999999999,0.25
2026-05-05,27534.0,136.67,43.06,18589652.0,105.0,445935.0,14.72,355335.0,0.05,0.45,0.05,-0.0999999999999999,0.0
2026-05-06,27534.0,136.67,43.88,19406677.0,111.88,295467.0,15.56,752314.0,-0.03,-0.2,0.1312499999999999,-0.0999999999999999,0.0
2026-05-07,27534.0,136.67,44.41,17177730.0,111.19,437255.0,15.3,689744.0,0.2045454545454545,0.45,0.05,0.15,0.2
2026-05-08,27534.0,136.67,44.14,17357056.0,111.6,268013.0,15.07,2575035.0,-0.1433333333333333,-0.2,0.05,-0.0999999999999999,-0.1428571428571428
2026-05-11,27534.0,136.67,42.39,24863808.0,107.11,505161.0,14.6,1437174.0,-0.0441176470588235,0.45,0.01875,0.15,-0.0666666666666666
2026-05-12,27534.0,136.67,42.35,21271253.0,106.71,452169.0,14.24,315946.0,-0.0115384615384615,-0.2,0.0807692307692307,-0.0999999999999999,0.0
2026-05-13,27534.0,136.67,42.34,21325207.0,106.5,326384.0,14.34,794260.0,-0.0416666666666666,0.45,0.01875,-0.0999999999999999,-0.0625
2026-05-14,27534.0,136.67,42.02,19146948.0,106.9,335511.0,14.29,501551.0,0.0772727272727272,-0.2,0.05,-0.0999999999999999,0.1
2026-05-15,27534.0,136.67,,,105.15,381413.0,,,0.25,0.45,0.35,0.15,0.0
2026-05-18,27534.0,136.67,,,106.35,302682.0,,,0.0,0.0,0.0,0.0,0.0
2026-05-19,27534.0,136.67,,,106.78,326424.0,,,0.0,0.0,0.0,0.0,0.0
2026-05-20,27534.0,136.67,,,110.2,216797.0,,,0.0,0.0,0.0,0.0,0.0
2026-05-21,27534.0,136.67,,,111.21,167155.0,,,0.0,0.0,0.0,0.0,0.0
2026-05-22,27534.0,136.67,,,108.61,633843.0,,,0.0,0.0,0.0,0.0,0.0
2026-05-26,27534.0,136.67,,,109.68,233827.0,,,0.0,0.0,0.0,0.0,0.0
2026-05-27,27534.0,136.67,,,112.8,270232.0,,,0.0,0.0,0.0,0.0,0.0
2026-05-28,27534.0,136.67,,,111.91,243572.0,,,0.0,0.0,0.0,0.0,0.0
2026-05-29,27534.0,136.67,,,110.55,302253.0,,,0.0,0.0,0.0,0.0,0.0
